INSERT INTO POSICAO_UEM VALUES(0,'Não Vinculado à UEM', 0.00);
INSERT INTO POSICAO_UEM VALUES(1,'Servidor da UEM matriculado em curso de pós-graduação', 0.55);
INSERT INTO POSICAO_UEM VALUES(2,'Acadêmico de pós-graduação STRICTU SENSU na UEM', 0.55);
INSERT INTO POSICAO_UEM VALUES(3,'Acadêmico de graduação participante de PET', 0.55);
INSERT INTO POSICAO_UEM VALUES(4,'Acadêmico de graduação participante de iniciação científica', 0.55);
INSERT INTO POSICAO_UEM VALUES(5,'Acadêmico de graduação participante de projeto de pesquisa', 0.55);
INSERT INTO POSICAO_UEM VALUES(6,'Acadêmico de graduação participante de projeto de ensino', 0.55);
INSERT INTO POSICAO_UEM VALUES(7,'Acadêmico de graduação participante de projeto de extensão', 0.55);
INSERT INTO POSICAO_UEM VALUES(8,'Participantes de todos os programas de bolsas oferecidos pela UEM', 0.55);
INSERT INTO POSICAO_UEM VALUES(9,'Acadêmico da UEM não vinculado a projeto ou programa', 0.38);
INSERT INTO POSICAO_UEM VALUES(10,'Servidor da UEM não matriculado em curso de pós-graduação', 0.38);
INSERT INTO POSICAO_UEM VALUES(11,'Filho de servidor da UEM', 0.38);
INSERT INTO POSICAO_UEM VALUES(12,'Servidor da UEM aposentado', 0.38);
INSERT INTO POSICAO_UEM VALUES(13,'Dependente de servidor da UEM aposentado', 0.38);

INSERT INTO FUNCIONARIO VALUES('5478621', '24785314', 'Maria', 'de Jesus', 'F', '123', '5478621', 'Maria24785314', '19061979', 1);
INSERT INTO FUNCIONARIO VALUES('784578124', '32478961', 'Pedro', 'Celeste', 'M', '456', '784578124', 'Pedro32478961', '01011982', 2);
INSERT INTO FUNCIONARIO VALUES('781234524', '12348961', 'Paulo', 'Cesar', 'M', '456', '781234524', 'Paulo12348961', '01011982', 2);

INSERT INTO CURSO VALUES ('Inglês', 75.00, 520.00, 1);
INSERT INTO CURSO VALUES ('Espanhol', 75.00, 450.00, 2);
INSERT INTO CURSO VALUES ('Italiano', 75.00, 450.00, 3);
INSERT INTO CURSO VALUES ('Francês', 75.00, 480.00, 4);
INSERT INTO TURMA VALUES(11, '13:30' ,'Pedro Celeste','784578124', 1, 20,'Inglês - Terça/Quinta - 13:30', 1);#atualizar com o cpf
INSERT INTO TURMA VALUES(21, '19:40','Pedro Celeste','784578124', 2, 20,'Espanhol - Segunda/Quart - 19:40', 1);
INSERT INTO TURMA VALUES(31, '15:30','Paulo Cesar','781234524', 3, 30,'Italiano - Quarta/Sexta - 15:30', 1);
INSERT INTO TURMA VALUES(41, '13:30' ,'Paulo Cesar','781234524', 4, 18,'Francês - Terça/Quinta - 13:30', 1);

INSERT INTO INGRESSANTE VALUES('00000000001', '010000000', 'Cleidyson', 'Arrocha', 'M', '33333333','21011994', 0, 70.00, 1);#retirar situacoes
INSERT INTO INGRESSANTE VALUES('00000000002', '020000000', 'José', 'Achado', 'M', '33333333','19011994', 0, 80.00, 1);
INSERT INTO INGRESSANTE VALUES('00000000003', '030000000', 'João', 'Pedro', 'M', '33333333','18011994', 0, 90.00, 1);
INSERT INTO INGRESSANTE VALUES('00000000004', '040000000', 'Gioesley', 'Watson', 'M', '33333333','17011994', 0, 100.00, 1);
INSERT INTO INGRESSANTE VALUES('00000000005', '050000000', 'Josnei', 'di Roma', 'M', '33333333','16011994', 0, 72.00, 1);
INSERT INTO INGRESSANTE VALUES('00000000006', '060000000', 'Jilerd', 'Verona', 'M', '33333333','15011994', 0, 73.00, 1);
INSERT INTO INGRESSANTE VALUES('00000000007', '070000000', 'Jilardinho', 'Puglia', 'M', '33333333','14011994', 2, 84.00, 1);
INSERT INTO INGRESSANTE VALUES('00000000008', '080000000', 'Giotanni', 'Herz', 'M', '33333333','13011994', 3, 86.00, 1);
INSERT INTO INGRESSANTE VALUES('00000000009', '090000000', 'Beatriz', 'Kajira', 'F', '33333333','12011994', 4, 86.00, 1);
INSERT INTO INGRESSANTE VALUES('00000000010', '100000000', 'Bianca', 'das Luses', 'F', '33333333','11011994', 5, 87.00, 1);
INSERT INTO INGRESSANTE VALUES('00000000011', '110000000', 'Venceslau', 'da Silva', 'M', '33333333','10011994', 6, 86.00, 1);
INSERT INTO INGRESSANTE VALUES('00000000012', '120000000', 'Diogo', 'Silveira', 'M', '33333333','09011994', 7, 77.00, 1);
INSERT INTO INGRESSANTE VALUES('00000000013', '130000000', 'Diego', 'Machado', 'M', '33333333','08011994', 7, 77.00, 1);
INSERT INTO INGRESSANTE VALUES('00000000014', '140000000', 'Diogerles', 'Aparecido', 'M', '33333333','07011994', 6, 87.00, 1);
INSERT INTO INGRESSANTE VALUES('00000000015', '150000000', 'Kleber', 'da Rocha', 'M', '33333333','06011994', 5, 97.00, 1);
INSERT INTO INGRESSANTE VALUES('00000000016', '160000000', 'Cleberson', 'Silva', 'M', '33333333','05011994', 4, 96.00, 1);
INSERT INTO INGRESSANTE VALUES('00000000017', '170000000', 'Ronaldo', 'Nardenio', 'M', '33333333','04011994', 3, 97.00, 1);
INSERT INTO INGRESSANTE VALUES('00000000018', '180000000', 'Cesar', 'Segundo', 'M', '33333333','03011994', 4, 93.00, 1);
INSERT INTO INGRESSANTE VALUES('00000000019', '190000000', 'Augusto', 'Cesar', 'M', '33333333','02011994', 2, 92.00, 1);
INSERT INTO INGRESSANTE VALUES('00000000020', '200000000', 'Khedira', 'Sami', 'M', '33333333','01121994', 3, 93.00, 1);
INSERT INTO INGRESSANTE VALUES('00000000021', '210000000', 'Ana', 'Julia', 'F', '33333333','01111994', 5, 81.00, 1);
INSERT INTO INGRESSANTE VALUES('00000000022', '220000000', 'Adriano', 'Imperador', 'M', '33333333','01101994', 7, 83.00, 1);
INSERT INTO INGRESSANTE VALUES('00000000023', '230000000', 'Marcos', 'Rocha', 'M', '33333333','01091994', 7, 85.00, 1);
INSERT INTO INGRESSANTE VALUES('00000000024', '240000000', 'Marcelo', 'Wesley', 'M', '33333333','01081994', 8, 84.00, 1);
INSERT INTO INGRESSANTE VALUES('00000000025', '250000000', 'Marileide', 'Cleusa', 'M', '33333333','01071994', 9, 77.00, 1);
INSERT INTO INGRESSANTE VALUES('00000000026', '260000000', 'Marilucia', 'Felipe', 'M', '33333333','01061994', 10, 75.00, 1);
INSERT INTO INGRESSANTE VALUES('00000000027', '270000000', 'Mariana', 'Souza', 'M', '33333333','01051994', 11, 80.00, 1);
INSERT INTO INGRESSANTE VALUES('00000000028', '280000000', 'Narciso', 'Schwarzenegger', 'M', '33333333','01041994', 11, 70.00, 1);
INSERT INTO INGRESSANTE VALUES('00000000029', '290000000', 'Paulo', 'Silva', 'M', '33333333','01031994', 12, 70.00, 1);
INSERT INTO INGRESSANTE VALUES('00000000030', '300000000', 'George', 'Harrinson', 'M', '33333333','01021994', 13, 730.00, 1);

INSERT INTO INGRESSO VALUES(1, '00000000001', 1, 11, 1, 0);
INSERT INTO INGRESSO VALUES(2, '00000000002', 1, 21, 1, 0);
INSERT INTO INGRESSO VALUES(4,'00000000003', 1, 11, 1, 0);
INSERT INTO INGRESSO VALUES(3,'00000000004', 1, 31, 1, 0);
INSERT INTO INGRESSO VALUES(5, '00000000005', 2, 41, 1, 0);
INSERT INTO INGRESSO VALUES(6, '00000000006', 2, 11, 1, 0);
INSERT INTO INGRESSO VALUES(7, '00000000007', 2, 21, 1, 0);
INSERT INTO INGRESSO VALUES(8, '00000000008', 2, 21, 1, 0);
INSERT INTO INGRESSO VALUES(9, '00000000009', 2, 21, 1, 0);
INSERT INTO INGRESSO VALUES(10, '00000000010', 2, 21, 1, 0);

INSERT INTO INGRESSO VALUES(11, '00000000011', 1, 11, 1, 0);
INSERT INTO INGRESSO VALUES(31, '00000000011', 2, 21, 1, 0);

INSERT INTO INGRESSO VALUES(12, '00000000012', 2, 21, 1, 0);
INSERT INTO INGRESSO VALUES(13, '00000000013', 2, 21, 1, 0);
INSERT INTO INGRESSO VALUES(14, '00000000014', 2, 21, 1, 0);
INSERT INTO INGRESSO VALUES(15, '00000000015', 2, 21, 1, 0);
INSERT INTO INGRESSO VALUES(16, '00000000016', 2, 21, 1, 0);
INSERT INTO INGRESSO VALUES(17, '00000000017', 2, 21, 1, 0);
INSERT INTO INGRESSO VALUES(18, '00000000018', 2, 21, 1, 0);
INSERT INTO INGRESSO VALUES(19, '00000000019', 2, 21, 1, 0);
INSERT INTO INGRESSO VALUES(20, '00000000020', 2, 21, 1, 0);
INSERT INTO INGRESSO VALUES(21, '00000000021', 1, 11, 1, 0);
INSERT INTO INGRESSO VALUES(22, '00000000022', 1, 11, 1, 0);
INSERT INTO INGRESSO VALUES(23, '00000000023', 1, 11, 1, 0);
INSERT INTO INGRESSO VALUES(24, '00000000024', 1, 11, 1, 0);
INSERT INTO INGRESSO VALUES(25, '00000000025', 1, 11, 1, 0);
INSERT INTO INGRESSO VALUES(26, '00000000026', 1, 11, 1, 0);
INSERT INTO INGRESSO VALUES(27, '00000000027', 1, 11, 1, 0);
INSERT INTO INGRESSO VALUES(28, '00000000028', 1, 11, 1, 0);
INSERT INTO INGRESSO VALUES(29, '00000000029', 1, 11, 1, 0);
INSERT INTO INGRESSO VALUES(30, '00000000030', 1, 11, 1, 0);

INSERT INTO ALUNO VALUES('00000000023', '230000000', 'Marcos', 'Arrocha', 'M', '33333333','01091994' , 7); # atualizar com as novas pessoas inseridas
INSERT INTO ALUNO VALUES('00000000027', '270000000', 'Mariana', 'Souza', 'M', '33333333', '01051994', 11);
INSERT INTO ALUNO VALUES('00000000003', '03000000', 'João', 'Pedro', 'M', '33333333', '18011994', 0);
INSERT INTO ALUNO VALUES('00000000011', '11000000', 'Venceslau', 'da Silva', 'M', '33333333','10011994', 6);


INSERT INTO SALAS VALUES(1, 11, 23,'00000000023',  0.00, 0.00, 0.00, 0.00, 0, 0.00, 0); # atualizar com as novas pessoas inseridas
INSERT INTO SALAS VALUES(1, 11, 27,'00000000027', 0.00, 0.00, 0.00, 0.00, 0, 0.00, 0);
INSERT INTO SALAS VALUES(1, 11, 3,'00000000003', 0.00, 0.00, 0.00, 0.00, 0, 0.00, 0);
INSERT INTO SALAS VALUES(1, 11, 11,'00000000011', 0.00, 0.00, 0.00, 0.00, 0, 0.00, 0);
INSERT INTO SALAS VALUES(2, 21, 31,'00000000011', 0.00, 0.00, 0.00, 0.00, 1, 78.00, 4);


#INSERT INTO DISPUTA VALUES(1, 1, 11, 1, 0.00);
#INSERT INTO DISPUTA VALUES(2, 2, 21, 1, 0.00);
#INSERT INTO DISPUTA VALUES(3, 3, 31, 6, 0.00);
#INSERT INTO DISPUTA VALUES(4, 1, 11, 6, 0.00);
#INSERT INTO DISPUTA VALUES(5, 4, 41, 7, 0.00);

INSERT INTO ENDERECO VALUES('00000000011', 'Rua Pitangueira', 741, 'apto 202', 8742014);
INSERT INTO ENDERECO VALUES('00000000003', 'Rua Sao Jose', 39, 'ao lado do mercado Y', 86325123);
INSERT INTO ENDERECO VALUES('00000000027', 'Av Raio de Sol', 834, 'apto 1501', 85478514);
INSERT INTO ENDERECO VALUES('00000000023', 'Av Sol Nacsecnte', 81, 'ao lado do buteco', 3438514);
INSERT INTO ENDERECO VALUES('11111000001', 'Rua da noite', 12, 'Perto ao mar', 4444514);

INSERT INTO LOGIN VALUES('admin', 'adminilg', 0, 0); #TIPO(0) = ADMIN
INSERT INTO LOGIN VALUES('5478621','Maria24785314', 1,0);  #TIPO(1) = FUNCIONARIO
INSERT INTO LOGIN VALUES('784578124','Pedro32478961',2,0);  #TIPO(2) = PROFESSOR
INSERT INTO LOGIN VALUES('00000000011', 'Venceslau11000000', 3, 0);  #TIPO(3) = ALUNO
INSERT INTO LOGIN VALUES('00000000005','Josnei050000000' , 4, 0);  #TIPO(4) = INGRESSANTE
select * from ENDERECO;
select *
#DELIMITER //
#CREATE PROCEDURE Lista()
#BEGIN
#	SELECT INOME, ISOBRENOME, DESCRICAO, MEDIA
#    FROM INGRESSANTE, TURMA, INGRESSO
#	WHERE MEDIA>=7.0 AND SIT_ENTREGA = 1 AND POS_UEM <> 0
#    AND ICPF = INCPF AND SIT_PAGAMENTO = 1 AND COD_TURMA = INCOD_TURMA
#    ORDER BY INCOD_TURMA, MEDIA DESC;
#END//
#DELIMITER ;

#DELIMITER //
#CREATE PROCEDURE ListaFora()
#BEGIN
#    SELECT INOME, ISOBRENOME, DESCRICAO, MEDIA
#    FROM INGRESSANTE, TURMA, INGRESSO
#	WHERE MEDIA>=7.0 AND SIT_ENTREGA = 1 AND POS_UEM = 0
#    AND ICPF = INCPF AND SIT_PAGAMENTO = 1 AND COD_TURMA = INCOD_TURMA
#    ORDER BY INCOD_TURMA, MEDIA DESC;
#END//
#DELIMITER ;
